Player,2017_Team,2017_Yards,2017_YardsRun,2017_Targets,2017_YardsPerRoute,2017_OpenScore,2017_CatchScore,2017_YACScore,2017_Overall,2018_Team,2018_Yards,2018_YardsRun,2018_Targets,2018_YardsPerRoute,2018_OpenScore,2018_CatchScore,2018_YACScore,2018_Overall,2019_Team,2019_Yards,2019_YardsRun,2019_Targets,2019_YardsPerRoute,2019_OpenScore,2019_CatchScore,2019_YACScore,2019_Overall,2020_Team,2020_Yards,2020_YardsRun,2020_Targets,2020_YardsPerRoute,2020_OpenScore,2020_CatchScore,2020_YACScore,2020_Overall,2021_Team,2021_Yards,2021_YardsRun,2021_Targets,2021_YardsPerRoute,2021_OpenScore,2021_CatchScore,2021_YACScore,2021_Overall,2022_Team,2022_Yards,2022_YardsRun,2022_Targets,2022_YardsPerRoute,2022_OpenScore,2022_CatchScore,2022_YACScore,2022_Overall
A.J. Brown,,,,,,,,,,,,,,,,,,,Titans,"1,115.00",395.00,89.00,2.80,80.00,53.00,97.00,92.00,Titans,"1,158.00",399.00,112.00,2.90,72.00,64.00,76.00,82.00,Titans,"1,011.00",321.00,109.00,3.10,99.00,36.00,53.00,78.00,Eagles,"1,642.00",592.00,161.00,2.80,92.00,61.00,62.00,88.00
A.J. Green,Bengals,"1,078.00",425.00,140.00,2.50,70.00,55.00,44.00,63.00,Bengals,694.00,257.00,77.00,2.70,59.00,44.00,48.00,52.00,,,,,,,,,,Bengals,523.00,457.00,104.00,1.10,33.00,23.00,52.00,27.00,Cardinals,848.00,461.00,91.00,1.80,52.00,45.00,44.00,46.00,,,,,,,,,
Adam Humphries,Buccaneers,631.00,421.00,65.00,1.50,43.00,53.00,42.00,43.00,Buccaneers,816.00,523.00,90.00,1.60,48.00,31.00,53.00,41.00,,,,,,,,,,,,,,,,,,,Commanders,383.00,395.00,57.00,1.00,44.00,45.00,42.00,40.00,,,,,,,,,
Adam Thielen,Vikings,"1,378.00",567.00,154.00,2.40,52.00,67.00,47.00,59.00,Vikings,"1,373.00",549.00,139.00,2.50,50.00,79.00,49.00,64.00,Vikings,597.00,241.00,63.00,2.50,68.00,62.00,43.00,64.00,Vikings,925.00,435.00,103.00,2.10,67.00,69.00,48.00,69.00,Vikings,726.00,374.00,87.00,1.90,63.00,79.00,47.00,71.00,Vikings,766.00,640.00,111.00,1.20,54.00,69.00,29.00,52.00
Albert Wilson,Chiefs,580.00,314.00,51.00,1.80,43.00,34.00,54.00,39.00,,,,,,,,,,Dolphins,351.00,282.00,56.00,1.20,52.00,34.00,45.00,41.00,,,,,,,,,,,,,,,,,,,,,,,,,,,
Alec Pierce,,,,,,,,,,,,,,,,,,,,,,,,,,,,,,,,,,,,,,,,,,,,,,Colts,593.00,438.00,75.00,1.40,38.00,51.00,44.00,40.00
Alex Erickson,,,,,,,,,,,,,,,,,,,Bengals,529.00,342.00,72.00,1.50,36.00,32.00,78.00,45.00,,,,,,,,,,,,,,,,,,,,,,,,,,,
Allen Hurns,Jaguars,576.00,321.00,62.00,1.80,41.00,66.00,34.00,46.00,,,,,,,,,,,,,,,,,,,,,,,,,,,,,,,,,,,,,,,,,,,,,
Allen Lazard,,,,,,,,,,,,,,,,,,,Packers,513.00,276.00,50.00,1.90,70.00,54.00,38.00,60.00,Packers,609.00,280.00,56.00,2.20,61.00,34.00,60.00,54.00,Packers,519.00,387.00,54.00,1.30,41.00,59.00,39.00,44.00,Packers,788.00,423.00,95.00,1.90,64.00,36.00,34.00,45.00
Allen Robinson,,,,,,,,,,Bears,897.00,412.00,102.00,2.20,42.00,66.00,55.00,55.00,Bears,"1,147.00",538.00,144.00,2.10,55.00,85.00,41.00,67.00,Bears,"1,305.00",560.00,148.00,2.30,65.00,70.00,39.00,64.00,Bears,410.00,326.00,65.00,1.30,40.00,47.00,46.00,40.00,Rams,339.00,308.00,51.00,1.10,65.00,59.00,25.00,53.00
Alshon Jeffery,Eagles,"1,008.00",583.00,135.00,1.70,55.00,70.00,60.00,67.00,Eagles,988.00,474.00,98.00,2.10,44.00,79.00,56.00,63.00,Eagles,490.00,257.00,69.00,1.90,61.00,39.00,38.00,46.00,,,,,,,,,,,,,,,,,,,,,,,,,,,
Amari Cooper,Raiders,680.00,390.00,89.00,1.70,60.00,5.00,55.00,36.00,Cowboys,"1,176.00",528.00,116.00,2.20,72.00,69.00,67.00,81.00,Cowboys,"1,189.00",467.00,119.00,2.50,54.00,71.00,47.00,61.00,Cowboys,"1,114.00",538.00,127.00,2.10,64.00,66.00,51.00,68.00,Cowboys,929.00,507.00,109.00,1.80,58.00,83.00,46.00,69.00,Browns,"1,160.00",522.00,129.00,2.20,54.00,77.00,53.00,67.00
Amon-Ra St. Brown,,,,,,,,,,,,,,,,,,,,,,,,,,,,,,,,,,,,,Lions,912.00,447.00,108.00,2.00,58.00,74.00,53.00,68.00,Lions,"1,161.00",426.00,131.00,2.70,67.00,57.00,46.00,62.00
Anthony Firkser,,,,,,,,,,,,,,,,,,,,,,,,,,,,Titans,431.00,230.00,55.00,1.90,26.00,61.00,49.00,39.00,,,,,,,,,,,,,,,,,,
Anthony Miller,,,,,,,,,,Bears,457.00,347.00,54.00,1.30,59.00,43.00,59.00,56.00,Bears,656.00,405.00,77.00,1.60,52.00,33.00,37.00,37.00,Bears,507.00,400.00,74.00,1.30,51.00,53.00,39.00,47.00,,,,,,,,,,,,,,,,,,
Antonio Brown,Steelers,"1,665.00",502.00,162.00,3.30,92.00,88.00,56.00,98.00,Steelers,"1,297.00",556.00,144.00,2.30,60.00,51.00,56.00,59.00,,,,,,,,,,Buccaneers,564.00,253.00,52.00,2.20,58.00,52.00,55.00,59.00,Buccaneers,545.00,161.00,52.00,3.40,85.00,57.00,41.00,71.00,,,,,,,,,
Antonio Callaway,,,,,,,,,,Browns,586.00,421.00,68.00,1.40,63.00,30.00,53.00,50.00,,,,,,,,,,,,,,,,,,,,,,,,,,,,,,,,,,,,
Antonio Gates,Chargers,316.00,287.00,52.00,1.10,28.00,53.00,31.00,29.00,Chargers,409.00,262.00,52.00,1.60,35.00,52.00,41.00,37.00,,,,,,,,,,,,,,,,,,,,,,,,,,,,,,,,,,,,
Auden Tate,,,,,,,,,,,,,,,,,,,Bengals,575.00,359.00,76.00,1.60,20.00,54.00,52.00,34.00,,,,,,,,,,,,,,,,,,,,,,,,,,,
Austin Hooper,Falcons,544.00,388.00,66.00,1.40,43.00,51.00,53.00,47.00,Falcons,660.00,433.00,85.00,1.50,29.00,84.00,44.00,51.00,Falcons,787.00,421.00,86.00,1.90,44.00,70.00,49.00,56.00,Browns,497.00,293.00,76.00,1.70,57.00,58.00,35.00,51.00,Browns,345.00,255.00,55.00,1.40,39.00,35.00,44.00,33.00,Titans,444.00,311.00,60.00,1.40,56.00,66.00,41.00,57.00
Austin Seferian-Jenkins,Jets,357.00,315.00,70.00,1.10,30.00,55.00,37.00,34.00,,,,,,,,,,,,,,,,,,,,,,,,,,,,,,,,,,,,,,,,,,,,,
Ben Skowronek,,,,,,,,,,,,,,,,,,,,,,,,,,,,,,,,,,,,,,,,,,,,,,Rams,376.00,366.00,58.00,1.00,60.00,53.00,31.00,49.00
Benjamin Watson,Ravens,522.00,352.00,74.00,1.50,35.00,55.00,38.00,38.00,,,,,,,,,,,,,,,,,,,,,,,,,,,,,,,,,,,,,,,,,,,,,
Bennie Fowler,Broncos,350.00,324.00,55.00,1.10,34.00,50.00,52.00,40.00,,,,,,,,,,,,,,,,,,,,,,,,,,,,,,,,,,,,,,,,,,,,,
Brandin Cooks,Patriots,"1,237.00",643.00,119.00,1.90,60.00,48.00,38.00,50.00,Rams,"1,496.00",566.00,120.00,2.60,50.00,64.00,49.00,56.00,Rams,583.00,382.00,63.00,1.50,45.00,49.00,48.00,46.00,Texans,"1,150.00",504.00,110.00,2.30,69.00,57.00,52.00,67.00,Texans,"1,037.00",439.00,115.00,2.40,54.00,66.00,48.00,60.00,Texans,699.00,387.00,84.00,1.80,49.00,50.00,33.00,42.00
Brandon Aiyuk,,,,,,,,,,,,,,,,,,,,,,,,,,,,49ers,748.00,375.00,83.00,2.00,53.00,48.00,66.00,58.00,49ers,961.00,483.00,91.00,2.00,51.00,68.00,63.00,66.00,49ers,"1,124.00",546.00,116.00,2.10,81.00,62.00,54.00,77.00
Brandon LaFell,Bengals,548.00,431.00,73.00,1.30,29.00,27.00,43.00,22.00,,,,,,,,,,,,,,,,,,,,,,,,,,,,,,,,,,,,,,,,,,,,,
Braxton Berrios,,,,,,,,,,,,,,,,,,,,,,,,,,,,,,,,,,,,,Jets,431.00,219.00,54.00,2.00,39.00,60.00,47.00,47.00,,,,,,,,,
Breshad Perriman,,,,,,,,,,,,,,,,,,,Buccaneers,645.00,396.00,63.00,1.60,48.00,64.00,27.00,46.00,Jets,505.00,311.00,53.00,1.60,50.00,35.00,55.00,45.00,,,,,,,,,,,,,,,,,,
Bruce Ellington,Texans,330.00,306.00,55.00,1.10,41.00,43.00,41.00,37.00,,,,,,,,,,,,,,,,,,,,,,,,,,,,,,,,,,,,,,,,,,,,,
Bryan Edwards,,,,,,,,,,,,,,,,,,,,,,,,,,,,,,,,,,,,,Raiders,612.00,464.00,60.00,1.30,37.00,48.00,65.00,48.00,,,,,,,,,
Byron Pringle,,,,,,,,,,,,,,,,,,,,,,,,,,,,,,,,,,,,,Chiefs,650.00,425.00,74.00,1.50,44.00,53.00,50.00,48.00,,,,,,,,,
C.J. Uzomah,,,,,,,,,,Bengals,439.00,379.00,61.00,1.20,13.00,63.00,47.00,32.00,,,,,,,,,,,,,,,,,,,Bengals,639.00,505.00,76.00,1.30,36.00,30.00,62.00,37.00,,,,,,,,,
Cade Otton,,,,,,,,,,,,,,,,,,,,,,,,,,,,,,,,,,,,,,,,,,,,,,Buccaneers,449.00,451.00,66.00,1.00,53.00,28.00,47.00,40.00
Calvin Ridley,,,,,,,,,,Falcons,821.00,415.00,83.00,2.00,70.00,43.00,52.00,60.00,Falcons,866.00,452.00,91.00,1.90,56.00,73.00,42.00,62.00,Falcons,"1,374.00",512.00,141.00,2.70,90.00,63.00,49.00,81.00,,,,,,,,,,,,,,,,,,
Cam Sims,,,,,,,,,,,,,,,,,,,,,,,,,,,,Commanders,581.00,388.00,57.00,1.50,23.00,52.00,70.00,43.00,,,,,,,,,,,,,,,,,,
Cameron Brate,Buccaneers,591.00,350.00,76.00,1.70,24.00,56.00,34.00,29.00,,,,,,,,,,Buccaneers,311.00,252.00,53.00,1.20,29.00,57.00,40.00,36.00,Buccaneers,457.00,197.00,52.00,2.30,53.00,68.00,30.00,52.00,Buccaneers,283.00,296.00,58.00,1.00,32.00,36.00,37.00,26.00,,,,,,,,,
Cedrick Wilson,,,,,,,,,,,,,,,,,,,,,,,,,,,,,,,,,,,,,Cowboys,664.00,357.00,68.00,1.90,57.00,68.00,63.00,70.00,,,,,,,,,
CeeDee Lamb,,,,,,,,,,,,,,,,,,,,,,,,,,,,Cowboys,935.00,447.00,95.00,2.10,47.00,47.00,44.00,44.00,Cowboys,"1,123.00",523.00,111.00,2.10,58.00,45.00,70.00,61.00,Cowboys,"1,544.00",598.00,159.00,2.60,85.00,55.00,49.00,74.00
Charles Clay,Bills,573.00,284.00,72.00,2.00,82.00,43.00,40.00,62.00,,,,,,,,,,,,,,,,,,,,,,,,,,,,,,,,,,,,,,,,,,,,,
Chase Claypool,,,,,,,,,,,,,,,,,,,,,,,,,,,,Steelers,932.00,425.00,106.00,2.20,68.00,44.00,67.00,66.00,Steelers,885.00,461.00,104.00,1.90,51.00,32.00,45.00,39.00,Bears,451.00,387.00,74.00,1.20,64.00,50.00,49.00,59.00
Chester Rogers,,,,,,,,,,Colts,561.00,405.00,66.00,1.40,31.00,36.00,43.00,28.00,,,,,,,,,,,,,,,,,,,,,,,,,,,,,,,,,,,,
Chris Conley,,,,,,,,,,Chiefs,334.00,449.00,50.00,0.70,38.00,29.00,60.00,37.00,Jaguars,775.00,521.00,90.00,1.50,57.00,33.00,68.00,54.00,Jaguars,471.00,268.00,60.00,1.80,50.00,48.00,66.00,56.00,,,,,,,,,,,,,,,,,,
Chris Godwin,Buccaneers,525.00,221.00,52.00,2.40,61.00,57.00,60.00,65.00,Buccaneers,842.00,417.00,92.00,2.00,65.00,68.00,61.00,73.00,Buccaneers,"1,333.00",520.00,105.00,2.60,45.00,89.00,75.00,77.00,Buccaneers,"1,072.00",476.00,99.00,2.30,46.00,55.00,50.00,50.00,Buccaneers,"1,103.00",464.00,92.00,2.40,47.00,66.00,59.00,60.00,Buccaneers,"1,108.00",574.00,130.00,1.90,42.00,48.00,51.00,45.00
Chris Hogan,Patriots,591.00,438.00,74.00,1.30,55.00,43.00,35.00,43.00,Patriots,590.00,521.00,71.00,1.10,44.00,32.00,44.00,34.00,,,,,,,,,,,,,,,,,,,,,,,,,,,,,,,,,,,,
Chris Moore,,,,,,,,,,,,,,,,,,,,,,,,,,,,,,,,,,,,,,,,,,,,,,Texans,548.00,392.00,66.00,1.40,41.00,54.00,57.00,49.00
Chris Olave,,,,,,,,,,,,,,,,,,,,,,,,,,,,,,,,,,,,,,,,,,,,,,Saints,"1,042.00",403.00,111.00,2.60,82.00,69.00,45.00,77.00
Christian Kirk,,,,,,,,,,Cardinals,590.00,274.00,53.00,2.20,46.00,42.00,53.00,45.00,Cardinals,709.00,403.00,88.00,1.80,59.00,39.00,48.00,49.00,Cardinals,621.00,435.00,70.00,1.40,50.00,62.00,43.00,53.00,Cardinals,"1,033.00",476.00,102.00,2.20,57.00,76.00,37.00,61.00,Jaguars,"1,238.00",619.00,153.00,2.00,63.00,35.00,34.00,43.00
Christian Watson,,,,,,,,,,,,,,,,,,,,,,,,,,,,,,,,,,,,,,,,,,,,,,Packers,611.00,235.00,55.00,2.60,73.00,46.00,59.00,67.00
Christopher Herndon,,,,,,,,,,Jets,502.00,264.00,53.00,1.90,29.00,59.00,56.00,44.00,,,,,,,,,,,,,,,,,,,,,,,,,,,,,,,,,,,,
Cole Beasley,Cowboys,314.00,343.00,62.00,0.90,37.00,42.00,51.00,38.00,Cowboys,715.00,465.00,88.00,1.50,41.00,60.00,35.00,43.00,Bills,822.00,442.00,106.00,1.90,60.00,46.00,47.00,53.00,Bills,"1,112.00",511.00,115.00,2.20,62.00,78.00,41.00,68.00,Bills,772.00,475.00,106.00,1.60,66.00,41.00,38.00,50.00,,,,,,,,,
Cole Kmet,,,,,,,,,,,,,,,,,,,,,,,,,,,,,,,,,,,,,Bears,612.00,429.00,87.00,1.40,45.00,26.00,44.00,33.00,Bears,544.00,353.00,58.00,1.50,48.00,43.00,32.00,37.00
Cooper Kupp,Rams,938.00,418.00,100.00,2.20,50.00,59.00,52.00,55.00,,,,,,,,,,Rams,"1,161.00",468.00,120.00,2.50,54.00,47.00,60.00,55.00,Rams,"1,052.00",441.00,113.00,2.40,41.00,66.00,63.00,58.00,Rams,"2,425.00",670.00,210.00,3.60,76.00,75.00,64.00,85.00,Rams,812.00,284.00,79.00,2.90,55.00,63.00,53.00,61.00
Corey Coleman,Browns,305.00,264.00,57.00,1.20,57.00,46.00,53.00,54.00,,,,,,,,,,,,,,,,,,,,,,,,,,,,,,,,,,,,,,,,,,,,,
Corey Davis,Titans,473.00,362.00,78.00,1.30,53.00,55.00,46.00,53.00,Titans,891.00,398.00,100.00,2.20,55.00,31.00,50.00,44.00,Titans,669.00,406.00,79.00,1.60,36.00,34.00,84.00,48.00,Titans,984.00,359.00,92.00,2.70,55.00,65.00,58.00,64.00,Jets,492.00,253.00,58.00,1.90,26.00,43.00,62.00,36.00,Jets,536.00,364.00,64.00,1.50,26.00,57.00,42.00,35.00
Courtland Sutton,,,,,,,,,,Broncos,704.00,432.00,79.00,1.60,44.00,45.00,44.00,41.00,Broncos,"1,112.00",471.00,120.00,2.40,52.00,38.00,57.00,48.00,,,,,,,,,,Broncos,776.00,492.00,96.00,1.60,65.00,56.00,36.00,56.00,Broncos,829.00,485.00,109.00,1.70,78.00,25.00,37.00,50.00
Curtis Samuel,,,,,,,,,,Panthers,494.00,263.00,60.00,1.90,53.00,52.00,53.00,55.00,Panthers,627.00,581.00,98.00,1.10,42.00,25.00,42.00,29.00,Panthers,851.00,374.00,80.00,2.30,59.00,61.00,38.00,56.00,,,,,,,,,,Commanders,656.00,465.00,78.00,1.40,41.00,56.00,47.00,46.00
D.J. Chark,,,,,,,,,,,,,,,,,,,Jaguars,"1,008.00",530.00,109.00,1.90,44.00,60.00,66.00,58.00,Jaguars,706.00,411.00,92.00,1.70,47.00,54.00,52.00,51.00,,,,,,,,,,Lions,502.00,306.00,49.00,1.60,41.00,54.00,44.00,44.00
D.J. Moore,,,,,,,,,,Panthers,788.00,379.00,74.00,2.10,46.00,58.00,72.00,62.00,Panthers,"1,175.00",521.00,125.00,2.30,65.00,57.00,54.00,65.00,Panthers,"1,193.00",468.00,112.00,2.50,55.00,28.00,60.00,47.00,Panthers,"1,157.00",543.00,150.00,2.10,77.00,34.00,51.00,60.00,Panthers,888.00,426.00,108.00,2.10,43.00,59.00,37.00,44.00
DaeSean Hamilton,,,,,,,,,,,,,,,,,,,Broncos,297.00,346.00,51.00,0.90,30.00,24.00,43.00,21.00,,,,,,,,,,,,,,,,,,,,,,,,,,,
Dallas Goedert,,,,,,,,,,,,,,,,,,,Eagles,680.00,340.00,81.00,2.00,41.00,49.00,56.00,47.00,Eagles,524.00,257.00,59.00,2.00,54.00,57.00,53.00,57.00,Eagles,922.00,319.00,76.00,2.90,57.00,68.00,65.00,70.00,Eagles,843.00,396.00,66.00,2.10,53.00,68.00,53.00,62.00
Dalton Schultz,,,,,,,,,,,,,,,,,,,,,,,,,,,,Cowboys,615.00,461.00,82.00,1.30,47.00,38.00,54.00,44.00,Cowboys,897.00,503.00,106.00,1.80,62.00,68.00,48.00,66.00,Cowboys,699.00,439.00,104.00,1.60,64.00,38.00,32.00,45.00
Damiere Byrd,,,,,,,,,,,,,,,,,,,,,,,,,,,,Patriots,604.00,393.00,68.00,1.50,52.00,39.00,40.00,41.00,,,,,,,,,,,,,,,,,,
Danny Amendola,Patriots,"1,007.00",454.00,110.00,2.20,77.00,80.00,40.00,78.00,Dolphins,575.00,346.00,65.00,1.70,56.00,52.00,37.00,49.00,Lions,678.00,397.00,92.00,1.70,43.00,37.00,40.00,35.00,Lions,602.00,287.00,59.00,2.10,39.00,51.00,50.00,44.00,,,,,,,,,,,,,,,,,,
Darius Slayton,,,,,,,,,,,,,,,,,,,Giants,740.00,408.00,77.00,1.80,42.00,64.00,70.00,61.00,Giants,751.00,508.00,96.00,1.50,42.00,37.00,50.00,39.00,Giants,339.00,308.00,55.00,1.10,29.00,18.00,39.00,16.00,Giants,816.00,455.00,83.00,1.80,67.00,30.00,56.00,53.00
Darnell Mooney,,,,,,,,,,,,,,,,,,,,,,,,,,,,Bears,631.00,469.00,86.00,1.30,47.00,41.00,56.00,46.00,Bears,"1,055.00",548.00,128.00,1.90,63.00,16.00,48.00,40.00,Bears,493.00,276.00,50.00,1.80,67.00,54.00,30.00,54.00
Darren Fells,,,,,,,,,,,,,,,,,,,Texans,400.00,337.00,55.00,1.20,30.00,40.00,46.00,30.00,,,,,,,,,,,,,,,,,,,,,,,,,,,
Darren Waller,,,,,,,,,,,,,,,,,,,Raiders,"1,145.00",411.00,108.00,2.80,60.00,57.00,51.00,60.00,Raiders,"1,196.00",448.00,133.00,2.70,73.00,68.00,50.00,73.00,Raiders,741.00,377.00,96.00,2.00,52.00,39.00,45.00,44.00,,,,,,,,,
Davante Adams,Packers,885.00,434.00,105.00,2.00,53.00,65.00,47.00,58.00,Packers,"1,386.00",559.00,152.00,2.50,74.00,54.00,50.00,68.00,Packers,"1,295.00",413.00,133.00,3.10,83.00,35.00,51.00,64.00,Packers,"1,507.00",455.00,149.00,3.30,99.00,61.00,46.00,88.00,Packers,"1,643.00",501.00,165.00,3.30,85.00,72.00,49.00,83.00,Raiders,"1,516.00",575.00,176.00,2.60,81.00,45.00,47.00,66.00
David Moore,,,,,,,,,,Seahawks,445.00,287.00,51.00,1.60,51.00,53.00,55.00,54.00,,,,,,,,,,,,,,,,,,,,,,,,,,,,,,,,,,,,
David Njoku,Browns,386.00,254.00,54.00,1.50,51.00,43.00,50.00,47.00,Browns,639.00,417.00,80.00,1.50,27.00,49.00,55.00,37.00,,,,,,,,,,,,,,,,,,,,,,,,,,,,Browns,628.00,365.00,71.00,1.70,51.00,62.00,58.00,60.00
Dawson Knox,,,,,,,,,,,,,,,,,,,,,,,,,,,,Bills,353.00,284.00,52.00,1.20,44.00,47.00,55.00,47.00,Bills,685.00,474.00,68.00,1.40,58.00,57.00,56.00,62.00,Bills,602.00,495.00,74.00,1.20,57.00,48.00,34.00,47.00
DeAndre Carter,,,,,,,,,,,,,,,,,,,,,,,,,,,,,,,,,,,,,,,,,,,,,,Chargers,555.00,455.00,61.00,1.20,38.00,66.00,45.00,48.00
DeAndre Hopkins,Texans,"1,378.00",528.00,164.00,2.60,89.00,87.00,50.00,93.00,Texans,"1,609.00",605.00,160.00,2.70,65.00,88.00,46.00,77.00,Texans,"1,373.00",609.00,158.00,2.30,82.00,58.00,43.00,71.00,Cardinals,"1,407.00",533.00,142.00,2.60,69.00,65.00,60.00,74.00,Cardinals,572.00,269.00,60.00,2.10,49.00,77.00,54.00,64.00,Cardinals,717.00,328.00,96.00,2.20,63.00,75.00,37.00,65.00
Dede Westbrook,Jaguars,424.00,254.00,61.00,1.70,46.00,36.00,44.00,38.00,Jaguars,717.00,489.00,83.00,1.50,49.00,43.00,56.00,48.00,Jaguars,660.00,485.00,85.00,1.40,35.00,25.00,45.00,26.00,,,,,,,,,,,,,,,,,,,,,,,,,,,
Deebo Samuel,,,,,,,,,,,,,,,,,,,49ers,929.00,373.00,80.00,2.50,52.00,37.00,69.00,54.00,,,,,,,,,,49ers,"1,559.00",460.00,109.00,3.40,48.00,31.00,99.00,61.00,49ers,843.00,390.00,91.00,2.20,42.00,20.00,82.00,45.00
Delanie Walker,Titans,930.00,443.00,112.00,2.10,65.00,62.00,41.00,61.00,,,,,,,,,,,,,,,,,,,,,,,,,,,,,,,,,,,,,,,,,,,,,
Demarcus Robinson,,,,,,,,,,,,,,,,,,,Chiefs,484.00,465.00,60.00,1.00,39.00,34.00,44.00,32.00,Chiefs,491.00,505.00,61.00,1.00,36.00,57.00,47.00,44.00,,,,,,,,,,Ravens,507.00,347.00,75.00,1.50,61.00,39.00,41.00,48.00
Demaryius Thomas,Broncos,949.00,501.00,133.00,1.90,58.00,60.00,45.00,58.00,Texans,677.00,371.00,69.00,1.80,54.00,42.00,60.00,54.00,,,,,,,,,,,,,,,,,,,,,,,,,,,,,,,,,,,,
Deonte Harty,,,,,,,,,,,,,,,,,,,,,,,,,,,,,,,,,,,,,Saints,570.00,181.00,51.00,3.10,81.00,44.00,67.00,74.00,,,,,,,,,
Deonte Thompson,Bills,578.00,395.00,75.00,1.50,51.00,63.00,37.00,52.00,,,,,,,,,,,,,,,,,,,,,,,,,,,,,,,,,,,,,,,,,,,,,
DeSean Jackson,Buccaneers,668.00,395.00,85.00,1.70,59.00,55.00,37.00,52.00,Buccaneers,774.00,325.00,73.00,2.40,89.00,38.00,52.00,70.00,,,,,,,,,,,,,,,,,,,,,,,,,,,,,,,,,,,,
DeVante Parker,Dolphins,670.00,403.00,89.00,1.70,55.00,56.00,44.00,54.00,,,,,,,,,,Dolphins,"1,202.00",583.00,127.00,2.10,40.00,67.00,54.00,54.00,Dolphins,793.00,403.00,101.00,2.00,39.00,67.00,55.00,54.00,Dolphins,515.00,315.00,73.00,1.60,23.00,55.00,45.00,34.00,,,,,,,,,
Devin Funchess,Panthers,919.00,485.00,114.00,1.90,45.00,86.00,54.00,67.00,Panthers,549.00,352.00,78.00,1.60,58.00,34.00,48.00,46.00,,,,,,,,,,,,,,,,,,,,,,,,,,,,,,,,,,,,
DeVonta Smith,,,,,,,,,,,,,,,,,,,,,,,,,,,,,,,,,,,,,Eagles,976.00,466.00,107.00,2.10,51.00,64.00,65.00,64.00,Eagles,"1,393.00",618.00,137.00,2.30,63.00,76.00,56.00,74.00
Dez Bryant,Cowboys,838.00,478.00,125.00,1.80,65.00,40.00,58.00,58.00,,,,,,,,,,,,,,,,,,,,,,,,,,,,,,,,,,,,,,,,,,,,,
Diontae Johnson,,,,,,,,,,,,,,,,,,,Steelers,680.00,356.00,81.00,1.90,91.00,45.00,51.00,74.00,Steelers,"1,040.00",498.00,141.00,2.10,92.00,20.00,49.00,61.00,Steelers,"1,195.00",585.00,163.00,2.00,87.00,44.00,47.00,69.00,Steelers,882.00,581.00,144.00,1.50,99.00,56.00,43.00,81.00
DK Metcalf,,,,,,,,,,,,,,,,,,,Seahawks,"1,119.00",541.00,106.00,2.10,61.00,66.00,67.00,73.00,Seahawks,"1,399.00",597.00,131.00,2.30,69.00,43.00,63.00,65.00,Seahawks,967.00,442.00,122.00,2.20,76.00,47.00,61.00,70.00,Seahawks,"1,184.00",583.00,153.00,2.00,66.00,63.00,39.00,62.00
Donovan Peoples-Jones,,,,,,,,,,,,,,,,,,,,,,,,,,,,,,,,,,,,,Browns,597.00,351.00,58.00,1.70,35.00,62.00,61.00,52.00,Browns,839.00,529.00,96.00,1.60,41.00,99.00,37.00,63.00
Donte Moncrief,,,,,,,,,,Jaguars,668.00,481.00,86.00,1.40,49.00,36.00,65.00,49.00,,,,,,,,,,,,,,,,,,,,,,,,,,,,,,,,,,,,
Doug Baldwin,Seahawks,991.00,476.00,111.00,2.10,73.00,62.00,46.00,69.00,Seahawks,650.00,337.00,76.00,1.90,82.00,56.00,46.00,72.00,,,,,,,,,,,,,,,,,,,,,,,,,,,,,,,,,,,,
Drake London,,,,,,,,,,,,,,,,,,,,,,,,,,,,,,,,,,,,,,,,,,,,,,Falcons,866.00,381.00,110.00,2.30,69.00,60.00,40.00,63.00
Ed Dickson,Panthers,440.00,308.00,50.00,1.40,31.00,54.00,45.00,38.00,,,,,,,,,,,,,,,,,,,,,,,,,,,,,,,,,,,,,,,,,,,,,
Elijah Moore,,,,,,,,,,,,,,,,,,,,,,,,,,,,,,,,,,,,,Jets,538.00,275.00,66.00,2.00,70.00,33.00,55.00,56.00,Jets,446.00,470.00,65.00,0.90,56.00,57.00,45.00,55.00
Emmanuel Sanders,Broncos,555.00,376.00,88.00,1.50,60.00,28.00,55.00,47.00,Broncos,868.00,325.00,79.00,2.70,66.00,47.00,49.00,58.00,49ers,940.00,490.00,104.00,1.90,49.00,63.00,41.00,52.00,Saints,777.00,373.00,89.00,2.10,68.00,62.00,38.00,62.00,Bills,678.00,457.00,74.00,1.50,56.00,77.00,36.00,61.00,,,,,,,,,
Eric Decker,Titans,669.00,425.00,89.00,1.60,64.00,60.00,33.00,56.00,,,,,,,,,,,,,,,,,,,,,,,,,,,,,,,,,,,,,,,,,,,,,
Eric Ebron,Lions,574.00,359.00,81.00,1.60,40.00,53.00,45.00,43.00,Colts,827.00,461.00,122.00,1.80,59.00,16.00,45.00,37.00,Colts,375.00,190.00,51.00,2.00,43.00,38.00,54.00,42.00,Steelers,620.00,418.00,96.00,1.50,37.00,8.00,49.00,21.00,,,,,,,,,,,,,,,,,,
Evan Engram,Giants,722.00,441.00,111.00,1.60,32.00,28.00,52.00,29.00,Giants,577.00,275.00,59.00,2.10,47.00,42.00,62.00,49.00,Giants,467.00,242.00,57.00,1.90,41.00,30.00,53.00,36.00,Giants,654.00,445.00,103.00,1.50,36.00,0.00,51.00,12.00,Giants,408.00,377.00,67.00,1.10,28.00,47.00,39.00,30.00,Jaguars,890.00,531.00,98.00,1.70,42.00,46.00,46.00,41.00
Foster Moreau,,,,,,,,,,,,,,,,,,,,,,,,,,,,,,,,,,,,,,,,,,,,,,Raiders,420.00,312.00,52.00,1.30,59.00,36.00,52.00,49.00
Gabe Davis,,,,,,,,,,,,,,,,,,,,,,,,,,,,Bills,684.00,443.00,70.00,1.50,32.00,44.00,52.00,36.00,Bills,791.00,331.00,71.00,2.40,52.00,62.00,49.00,57.00,Bills,983.00,626.00,103.00,1.60,45.00,37.00,42.00,37.00
Garrett Wilson,,,,,,,,,,,,,,,,,,,,,,,,,,,,,,,,,,,,,,,,,,,,,,Jets,"1,103.00",553.00,134.00,2.00,77.00,54.00,50.00,69.00
George Kittle,49ers,515.00,325.00,60.00,1.60,33.00,51.00,56.00,42.00,49ers,"1,377.00",415.00,121.00,3.30,66.00,26.00,76.00,60.00,49ers,"1,124.00",304.00,98.00,3.70,70.00,53.00,61.00,69.00,49ers,634.00,184.00,55.00,3.40,64.00,58.00,70.00,71.00,49ers,"1,018.00",380.00,97.00,2.70,70.00,66.00,64.00,77.00,49ers,929.00,446.00,91.00,2.10,70.00,79.00,53.00,79.00
George Pickens,,,,,,,,,,,,,,,,,,,,,,,,,,,,,,,,,,,,,,,,,,,,,,Steelers,801.00,551.00,85.00,1.50,48.00,99.00,41.00,71.00
Gerald Everett,,,,,,,,,,,,,,,,,,,Rams,408.00,208.00,55.00,2.00,42.00,42.00,60.00,46.00,Rams,417.00,265.00,55.00,1.60,40.00,33.00,58.00,39.00,Seahawks,478.00,308.00,56.00,1.60,45.00,44.00,57.00,47.00,Chargers,664.00,421.00,84.00,1.60,59.00,45.00,56.00,56.00
Geronimo Allison,,,,,,,,,,,,,,,,,,,Packers,306.00,373.00,52.00,0.80,35.00,28.00,33.00,22.00,,,,,,,,,,,,,,,,,,,,,,,,,,,
Golden Tate,Lions,"1,003.00",464.00,95.00,2.20,18.00,79.00,65.00,51.00,Eagles,859.00,378.00,106.00,2.30,29.00,26.00,72.00,35.00,Giants,676.00,357.00,76.00,1.90,28.00,26.00,78.00,37.00,,,,,,,,,,,,,,,,,,,,,,,,,,,
Greg Dortch,,,,,,,,,,,,,,,,,,,,,,,,,,,,,,,,,,,,,,,,,,,,,,Cardinals,467.00,305.00,52.00,1.50,47.00,58.00,47.00,51.00
Greg Dulcich,,,,,,,,,,,,,,,,,,,,,,,,,,,,,,,,,,,,,,,,,,,,,,Broncos,411.00,285.00,53.00,1.40,49.00,37.00,37.00,38.00
Greg Olsen,,,,,,,,,,,,,,,,,,,Panthers,597.00,390.00,79.00,1.50,34.00,45.00,29.00,28.00,,,,,,,,,,,,,,,,,,,,,,,,,,,
Greg Ward,,,,,,,,,,,,,,,,,,,,,,,,,,,,Eagles,419.00,430.00,70.00,1.00,46.00,42.00,37.00,38.00,,,,,,,,,,,,,,,,,,
Hayden Hurst,,,,,,,,,,,,,,,,,,,,,,,,,,,,Falcons,571.00,469.00,78.00,1.20,23.00,36.00,34.00,19.00,,,,,,,,,,Bengals,555.00,447.00,79.00,1.20,34.00,58.00,35.00,37.00
Hunter Henry,Chargers,579.00,254.00,61.00,2.30,46.00,67.00,55.00,58.00,,,,,,,,,,Chargers,652.00,340.00,76.00,1.90,46.00,66.00,47.00,54.00,Chargers,613.00,402.00,88.00,1.50,39.00,55.00,55.00,48.00,Patriots,633.00,387.00,78.00,1.60,56.00,63.00,34.00,53.00,Patriots,509.00,371.00,59.00,1.40,68.00,43.00,30.00,49.00
Hunter Renfrow,,,,,,,,,,,,,,,,,,,Raiders,605.00,250.00,65.00,2.40,55.00,33.00,59.00,49.00,Raiders,656.00,316.00,63.00,2.10,52.00,39.00,51.00,46.00,Raiders,"1,096.00",506.00,125.00,2.20,72.00,68.00,43.00,70.00,,,,,,,,,
Isaiah Hodgins,,,,,,,,,,,,,,,,,,,,,,,,,,,,,,,,,,,,,,,,,,,,,,Giants,500.00,319.00,59.00,1.60,63.00,85.00,32.00,67.00
Isaiah Likely,,,,,,,,,,,,,,,,,,,,,,,,,,,,,,,,,,,,,,,,,,,,,,Ravens,373.00,256.00,53.00,1.50,54.00,33.00,44.00,41.00
Isaiah McKenzie,,,,,,,,,,,,,,,,,,,,,,,,,,,,,,,,,,,,,,,,,,,,,,Bills,433.00,373.00,64.00,1.20,62.00,36.00,33.00,43.00
J.J. Nelson,Cardinals,508.00,337.00,60.00,1.50,68.00,43.00,41.00,54.00,,,,,,,,,,,,,,,,,,,,,,,,,,,,,,,,,,,,,,,,,,,,,
Ja'Marr Chase,,,,,,,,,,,,,,,,,,,,,,,,,,,,,,,,,,,,,Bengals,"1,823.00",672.00,150.00,2.70,61.00,64.00,84.00,79.00,Bengals,"1,266.00",600.00,146.00,2.10,68.00,53.00,65.00,70.00
Jack Doyle,Colts,690.00,391.00,102.00,1.80,45.00,60.00,38.00,46.00,,,,,,,,,,Colts,448.00,307.00,69.00,1.50,36.00,30.00,47.00,30.00,,,,,,,,,,,,,,,,,,,,,,,,,,,
Jacob Hollister,,,,,,,,,,,,,,,,,,,Seahawks,412.00,298.00,62.00,1.40,43.00,40.00,43.00,37.00,,,,,,,,,,,,,,,,,,,,,,,,,,,
Jahan Dotson,,,,,,,,,,,,,,,,,,,,,,,,,,,,,,,,,,,,,,,,,,,,,,Commanders,523.00,351.00,61.00,1.50,46.00,59.00,50.00,53.00
Jakobi Meyers,,,,,,,,,,,,,,,,,,,,,,,,,,,,Patriots,729.00,269.00,79.00,2.70,99.00,63.00,42.00,88.00,Patriots,906.00,503.00,130.00,1.80,77.00,58.00,38.00,66.00,Patriots,804.00,380.00,89.00,2.10,66.00,74.00,30.00,62.00
Jalen Guyton,,,,,,,,,,,,,,,,,,,,,,,,,,,,Chargers,511.00,510.00,52.00,1.00,25.00,39.00,57.00,32.00,,,,,,,,,,,,,,,,,,
James Washington,,,,,,,,,,,,,,,,,,,Steelers,735.00,346.00,77.00,2.10,56.00,61.00,48.00,58.00,Steelers,464.00,264.00,56.00,1.80,49.00,44.00,73.00,57.00,,,,,,,,,,,,,,,,,,
Jamison Crowder,Commanders,789.00,405.00,88.00,1.90,47.00,47.00,55.00,49.00,,,,,,,,,,Jets,833.00,448.00,109.00,1.90,53.00,45.00,56.00,52.00,Jets,699.00,338.00,82.00,2.10,51.00,51.00,45.00,49.00,Jets,447.00,338.00,65.00,1.30,48.00,47.00,60.00,52.00,,,,,,,,,
Jared Cook,Raiders,688.00,403.00,79.00,1.70,33.00,57.00,46.00,41.00,Raiders,896.00,411.00,95.00,2.20,33.00,41.00,57.00,38.00,Saints,759.00,330.00,70.00,2.30,45.00,60.00,81.00,66.00,Saints,572.00,333.00,73.00,1.70,46.00,51.00,65.00,55.00,Chargers,564.00,439.00,81.00,1.30,47.00,17.00,48.00,31.00,,,,,,,,,
Jarius Wright,,,,,,,,,,Panthers,447.00,347.00,52.00,1.30,32.00,54.00,47.00,39.00,Panthers,296.00,462.00,56.00,0.60,30.00,16.00,40.00,16.00,,,,,,,,,,,,,,,,,,,,,,,,,,,
Jaron Brown,Cardinals,477.00,470.00,67.00,1.00,21.00,28.00,43.00,18.00,,,,,,,,,,,,,,,,,,,,,,,,,,,,,,,,,,,,,,,,,,,,,
Jarvis Landry,Dolphins,987.00,532.00,141.00,1.90,57.00,50.00,45.00,52.00,Browns,976.00,510.00,142.00,1.90,60.00,38.00,43.00,47.00,Browns,"1,174.00",469.00,123.00,2.50,45.00,62.00,56.00,55.00,Browns,952.00,402.00,110.00,2.40,53.00,57.00,57.00,59.00,Browns,570.00,279.00,77.00,2.00,60.00,44.00,59.00,57.00,,,,,,,,,
Jason Witten,Cowboys,560.00,431.00,84.00,1.30,53.00,84.00,36.00,62.00,,,,,,,,,,Cowboys,529.00,395.00,79.00,1.30,55.00,36.00,37.00,40.00,,,,,,,,,,,,,,,,,,,,,,,,,,,
Jauan Jennings,,,,,,,,,,,,,,,,,,,,,,,,,,,,,,,,,,,,,,,,,,,,,,49ers,483.00,310.00,60.00,1.60,64.00,48.00,54.00,60.00
Jaylen Waddle,,,,,,,,,,,,,,,,,,,,,,,,,,,,,,,,,,,,,Dolphins,"1,015.00",520.00,124.00,2.00,50.00,52.00,43.00,48.00,Dolphins,"1,400.00",544.00,117.00,2.60,61.00,55.00,54.00,61.00
Jeremy Maclin,Ravens,440.00,259.00,61.00,1.70,40.00,40.00,40.00,34.00,,,,,,,,,,,,,,,,,,,,,,,,,,,,,,,,,,,,,,,,,,,,,
Jermaine Kearse,Jets,810.00,439.00,89.00,1.80,61.00,41.00,45.00,50.00,Jets,371.00,339.00,74.00,1.10,48.00,22.00,44.00,33.00,,,,,,,,,,,,,,,,,,,,,,,,,,,,,,,,,,,,
Jerry Jeudy,,,,,,,,,,,,,,,,,,,,,,,,,,,,Broncos,856.00,464.00,109.00,1.80,50.00,17.00,58.00,37.00,Broncos,467.00,228.00,55.00,2.00,79.00,31.00,50.00,58.00,Broncos,972.00,399.00,89.00,2.40,80.00,45.00,49.00,66.00
Jesse James,Steelers,384.00,389.00,57.00,1.00,23.00,46.00,46.00,30.00,,,,,,,,,,,,,,,,,,,,,,,,,,,,,,,,,,,,,,,,,,,,,
Jimmy Graham,Seahawks,520.00,409.00,93.00,1.30,36.00,45.00,39.00,34.00,Packers,636.00,463.00,85.00,1.40,26.00,36.00,51.00,28.00,Packers,555.00,347.00,62.00,1.60,35.00,45.00,44.00,35.00,Bears,481.00,345.00,76.00,1.40,25.00,59.00,43.00,35.00,,,,,,,,,,,,,,,,,,
John Brown,Cardinals,299.00,284.00,53.00,1.10,51.00,41.00,47.00,45.00,Ravens,729.00,473.00,100.00,1.50,57.00,15.00,54.00,39.00,Bills,"1,110.00",498.00,120.00,2.20,76.00,62.00,45.00,70.00,Bills,544.00,364.00,66.00,1.50,56.00,50.00,67.00,61.00,,,,,,,,,,,,,,,,,,
John Ross,,,,,,,,,,Bengals,210.00,328.00,53.00,0.60,30.00,16.00,47.00,19.00,Bengals,506.00,223.00,52.00,2.30,56.00,35.00,68.00,55.00,,,,,,,,,,,,,,,,,,,,,,,,,,,
Jonnu Smith,,,,,,,,,,,,,,,,,,,,,,,,,,,,Titans,457.00,270.00,59.00,1.70,15.00,13.00,51.00,10.00,,,,,,,,,,,,,,,,,,
Jordan Akins,,,,,,,,,,,,,,,,,,,Texans,418.00,340.00,54.00,1.20,34.00,38.00,71.00,43.00,,,,,,,,,,,,,,,,,,,Texans,495.00,272.00,51.00,1.80,56.00,58.00,61.00,63.00
Jordan Reed,,,,,,,,,,Commanders,558.00,292.00,73.00,1.90,77.00,30.00,44.00,55.00,,,,,,,,,,,,,,,,,,,,,,,,,,,,,,,,,,,,
Jordy Nelson,Packers,482.00,435.00,80.00,1.10,40.00,46.00,40.00,37.00,Raiders,739.00,447.00,79.00,1.70,34.00,52.00,41.00,37.00,,,,,,,,,,,,,,,,,,,,,,,,,,,,,,,,,,,,
Josh Doctson,Commanders,502.00,411.00,75.00,1.20,35.00,25.00,60.00,33.00,Commanders,532.00,442.00,73.00,1.20,33.00,65.00,41.00,43.00,,,,,,,,,,,,,,,,,,,,,,,,,,,,,,,,,,,,
Josh Gordon,,,,,,,,,,Patriots,737.00,329.00,69.00,2.20,41.00,50.00,79.00,57.00,,,,,,,,,,,,,,,,,,,,,,,,,,,,,,,,,,,,
Josh Palmer,,,,,,,,,,,,,,,,,,,,,,,,,,,,,,,,,,,,,,,,,,,,,,Chargers,800.00,583.00,107.00,1.40,64.00,58.00,43.00,60.00
Josh Reynolds,,,,,,,,,,Rams,523.00,346.00,67.00,1.50,48.00,31.00,48.00,39.00,,,,,,,,,,Rams,683.00,450.00,79.00,1.50,28.00,49.00,55.00,38.00,,,,,,,,,,Lions,479.00,343.00,57.00,1.40,50.00,58.00,36.00,48.00
JuJu Smith-Schuster,Steelers,922.00,406.00,73.00,2.30,59.00,64.00,64.00,69.00,Steelers,"1,426.00",564.00,149.00,2.50,50.00,42.00,48.00,46.00,Steelers,552.00,315.00,65.00,1.80,49.00,49.00,50.00,49.00,Steelers,988.00,598.00,129.00,1.70,26.00,55.00,47.00,36.00,,,,,,,,,,Chiefs,"1,022.00",534.00,108.00,1.90,49.00,60.00,52.00,56.00
Julian Edelman,,,,,,,,,,Patriots,"1,238.00",491.00,130.00,2.50,73.00,20.00,43.00,47.00,Patriots,"1,147.00",554.00,148.00,2.10,63.00,19.00,41.00,39.00,,,,,,,,,,,,,,,,,,,,,,,,,,,
Julio Jones,Falcons,"1,639.00",474.00,166.00,3.50,70.00,61.00,60.00,73.00,Falcons,"1,677.00",519.00,165.00,3.20,63.00,67.00,56.00,69.00,Falcons,"1,394.00",501.00,146.00,2.80,62.00,45.00,58.00,58.00,Falcons,771.00,268.00,66.00,2.90,49.00,71.00,70.00,69.00,Titans,496.00,236.00,54.00,2.10,57.00,59.00,56.00,62.00,Buccaneers,373.00,251.00,52.00,1.50,27.00,51.00,47.00,34.00
Julius Thomas,Dolphins,388.00,273.00,60.00,1.40,35.00,56.00,29.00,34.00,,,,,,,,,,,,,,,,,,,,,,,,,,,,,,,,,,,,,,,,,,,,,
Justin Jefferson,,,,,,,,,,,,,,,,,,,,,,,,,,,,Vikings,"1,400.00",461.00,119.00,3.00,78.00,75.00,69.00,89.00,Vikings,"1,616.00",533.00,149.00,3.00,94.00,53.00,51.00,80.00,Vikings,"1,856.00",667.00,184.00,2.80,81.00,81.00,50.00,85.00
Juwan Johnson,,,,,,,,,,,,,,,,,,,,,,,,,,,,,,,,,,,,,,,,,,,,,,Saints,508.00,326.00,62.00,1.60,51.00,49.00,53.00,52.00
K.J. Hamler,,,,,,,,,,,,,,,,,,,,,,,,,,,,Broncos,381.00,296.00,56.00,1.30,52.00,14.00,44.00,31.00,,,,,,,,,,,,,,,,,,
K.J. Osborn,,,,,,,,,,,,,,,,,,,,,,,,,,,,,,,,,,,,,Vikings,655.00,431.00,80.00,1.50,50.00,60.00,48.00,54.00,Vikings,670.00,551.00,83.00,1.20,55.00,56.00,52.00,57.00
Kalif Raymond,,,,,,,,,,,,,,,,,,,,,,,,,,,,,,,,,,,,,Lions,576.00,406.00,64.00,1.40,54.00,53.00,55.00,57.00,Lions,616.00,293.00,52.00,2.10,59.00,56.00,24.00,47.00
Keelan Cole,Jaguars,830.00,439.00,88.00,1.90,55.00,55.00,61.00,60.00,Jaguars,491.00,414.00,68.00,1.20,48.00,27.00,36.00,31.00,,,,,,,,,,Jaguars,642.00,483.00,76.00,1.30,39.00,50.00,44.00,40.00,Jets,449.00,293.00,50.00,1.50,44.00,60.00,57.00,54.00,,,,,,,,,
Keenan Allen,Chargers,"1,393.00",497.00,151.00,2.80,85.00,65.00,46.00,78.00,Chargers,"1,308.00",486.00,133.00,2.70,81.00,63.00,44.00,73.00,Chargers,"1,199.00",517.00,139.00,2.30,62.00,57.00,50.00,61.00,Chargers,992.00,447.00,126.00,2.20,55.00,48.00,39.00,47.00,Chargers,"1,138.00",581.00,146.00,2.00,72.00,57.00,36.00,61.00,Chargers,813.00,351.00,95.00,2.30,64.00,76.00,41.00,68.00
Kelvin Benjamin,Bills,701.00,349.00,80.00,2.00,53.00,69.00,45.00,59.00,Chiefs,380.00,291.00,65.00,1.30,33.00,27.00,53.00,29.00,,,,,,,,,,,,,,,,,,,,,,,,,,,,,,,,,,,,
Kendall Wright,Bears,614.00,357.00,83.00,1.70,32.00,57.00,28.00,32.00,,,,,,,,,,,,,,,,,,,,,,,,,,,,,,,,,,,,,,,,,,,,,
Kendrick Bourne,,,,,,,,,,49ers,487.00,321.00,67.00,1.50,62.00,45.00,51.00,56.00,49ers,446.00,265.00,54.00,1.70,60.00,54.00,63.00,64.00,49ers,667.00,390.00,74.00,1.70,51.00,60.00,60.00,60.00,Patriots,877.00,383.00,69.00,2.30,59.00,83.00,74.00,83.00,,,,,,,,,
Kenny Golladay,,,,,,,,,,Lions,"1,063.00",457.00,99.00,2.30,37.00,79.00,60.00,61.00,Lions,"1,190.00",523.00,115.00,2.30,45.00,82.00,55.00,65.00,,,,,,,,,,Giants,521.00,360.00,74.00,1.40,33.00,46.00,45.00,36.00,,,,,,,,,
Kenny Stills,Dolphins,847.00,552.00,101.00,1.50,37.00,63.00,43.00,45.00,Dolphins,553.00,371.00,61.00,1.50,30.00,59.00,68.00,50.00,Texans,687.00,412.00,57.00,1.70,51.00,68.00,45.00,57.00,,,,,,,,,,,,,,,,,,,,,,,,,,,
Kyle Pitts,,,,,,,,,,,,,,,,,,,,,,,,,,,,,,,,,,,,,Falcons,"1,026.00",457.00,109.00,2.20,31.00,57.00,49.00,41.00,Falcons,356.00,192.00,56.00,1.90,60.00,25.00,43.00,41.00
Kyle Rudolph,Vikings,585.00,427.00,90.00,1.40,18.00,70.00,35.00,33.00,Vikings,634.00,439.00,73.00,1.40,20.00,70.00,49.00,41.00,Vikings,402.00,318.00,50.00,1.30,16.00,69.00,50.00,38.00,,,,,,,,,,,,,,,,,,,,,,,,,,,
Laquon Treadwell,,,,,,,,,,Vikings,302.00,319.00,51.00,0.90,52.00,36.00,52.00,45.00,,,,,,,,,,,,,,,,,,,,,,,,,,,,,,,,,,,,
Larry Fitzgerald,Cardinals,"1,156.00",584.00,130.00,2.00,26.00,72.00,41.00,42.00,Cardinals,734.00,397.00,93.00,1.80,24.00,77.00,50.00,47.00,Cardinals,804.00,457.00,90.00,1.80,19.00,63.00,48.00,36.00,Cardinals,409.00,370.00,64.00,1.10,37.00,48.00,40.00,37.00,,,,,,,,,,,,,,,,,,
Laviska Shenault,,,,,,,,,,,,,,,,,,,,,,,,,,,,Jaguars,600.00,317.00,67.00,1.90,43.00,56.00,57.00,52.00,Jaguars,619.00,390.00,82.00,1.60,50.00,9.00,57.00,32.00,,,,,,,,,
Logan Thomas,,,,,,,,,,,,,,,,,,,,,,,,,,,,Commanders,744.00,560.00,114.00,1.30,41.00,45.00,54.00,44.00,,,,,,,,,,Commanders,323.00,341.00,60.00,0.90,39.00,53.00,38.00,39.00
Mack Hollins,,,,,,,,,,,,,,,,,,,,,,,,,,,,,,,,,,,,,,,,,,,,,,Raiders,690.00,563.00,92.00,1.20,54.00,68.00,47.00,60.00
Marcedes Lewis,Jaguars,339.00,381.00,50.00,0.90,13.00,34.00,47.00,18.00,,,,,,,,,,,,,,,,,,,,,,,,,,,,,,,,,,,,,,,,,,,,,
Mark Andrews,,,,,,,,,,Ravens,583.00,271.00,57.00,2.20,46.00,48.00,56.00,49.00,Ravens,891.00,305.00,101.00,2.90,72.00,50.00,51.00,64.00,Ravens,770.00,371.00,102.00,2.10,66.00,31.00,48.00,50.00,Ravens,"1,361.00",574.00,149.00,2.40,82.00,73.00,51.00,83.00,Ravens,920.00,427.00,118.00,2.20,86.00,43.00,38.00,64.00
Marqise Lee,Jaguars,771.00,430.00,107.00,1.80,61.00,44.00,46.00,52.00,,,,,,,,,,,,,,,,,,,,,,,,,,,,,,,,,,,,,,,,,,,,,
Marquez Callaway,,,,,,,,,,,,,,,,,,,,,,,,,,,,,,,,,,,,,Saints,698.00,384.00,84.00,1.80,56.00,50.00,47.00,53.00,,,,,,,,,
Marquez Valdes-Scantling,,,,,,,,,,Packers,581.00,404.00,70.00,1.40,45.00,30.00,50.00,37.00,Packers,460.00,271.00,53.00,1.70,38.00,34.00,50.00,35.00,Packers,838.00,432.00,73.00,1.90,34.00,31.00,66.00,37.00,Packers,430.00,264.00,54.00,1.60,48.00,50.00,53.00,50.00,Chiefs,809.00,577.00,92.00,1.40,26.00,46.00,29.00,23.00
Marquise Brown,,,,,,,,,,,,,,,,,,,Ravens,710.00,350.00,72.00,2.00,69.00,57.00,41.00,61.00,Ravens,965.00,474.00,110.00,2.00,73.00,35.00,51.00,58.00,Ravens,"1,008.00",589.00,134.00,1.70,75.00,39.00,50.00,60.00,Cardinals,709.00,441.00,97.00,1.60,65.00,53.00,36.00,55.00
Marquise Goodwin,49ers,962.00,452.00,104.00,2.10,66.00,64.00,53.00,69.00,,,,,,,,,,,,,,,,,,,,,,,,,,,,,,,,,,,,,,,,,,,,,
Martavis Bryant,Steelers,681.00,413.00,81.00,1.60,75.00,51.00,42.00,62.00,,,,,,,,,,,,,,,,,,,,,,,,,,,,,,,,,,,,,,,,,,,,,
Marvin Jones,Lions,"1,101.00",552.00,99.00,2.00,37.00,90.00,51.00,62.00,Lions,508.00,299.00,61.00,1.70,54.00,64.00,58.00,63.00,Lions,779.00,450.00,89.00,1.70,41.00,83.00,43.00,57.00,Lions,978.00,536.00,107.00,1.80,37.00,75.00,51.00,55.00,Jaguars,832.00,549.00,116.00,1.50,49.00,76.00,39.00,57.00,Jaguars,579.00,500.00,89.00,1.20,44.00,65.00,33.00,46.00
Mecole Hardman,,,,,,,,,,,,,,,,,,,,,,,,,,,,Chiefs,626.00,362.00,61.00,1.70,50.00,21.00,68.00,44.00,Chiefs,814.00,405.00,68.00,2.00,51.00,35.00,72.00,53.00,,,,,,,,,
Michael Crabtree,Raiders,618.00,344.00,95.00,1.80,63.00,63.00,52.00,65.00,Ravens,645.00,495.00,102.00,1.30,62.00,28.00,36.00,40.00,,,,,,,,,,,,,,,,,,,,,,,,,,,,,,,,,,,,
Michael Gallup,,,,,,,,,,Cowboys,644.00,440.00,76.00,1.50,42.00,35.00,56.00,40.00,Cowboys,"1,107.00",466.00,110.00,2.40,53.00,44.00,67.00,57.00,Cowboys,843.00,547.00,95.00,1.50,43.00,46.00,51.00,44.00,Cowboys,445.00,288.00,57.00,1.50,42.00,51.00,48.00,44.00,Cowboys,470.00,459.00,81.00,1.00,35.00,48.00,34.00,32.00
Michael Pittman,,,,,,,,,,,,,,,,,,,,,,,,,,,,Colts,593.00,336.00,63.00,1.80,46.00,31.00,79.00,52.00,Colts,"1,082.00",469.00,117.00,2.30,59.00,74.00,51.00,68.00,Colts,925.00,592.00,134.00,1.60,64.00,61.00,42.00,61.00
Michael Thomas,Saints,"1,461.00",493.00,158.00,3.00,87.00,78.00,46.00,86.00,Saints,"1,612.00",542.00,161.00,3.00,80.00,94.00,60.00,96.00,Saints,"1,795.00",553.00,184.00,3.20,93.00,77.00,57.00,94.00,Saints,511.00,231.00,66.00,2.20,61.00,56.00,44.00,58.00,,,,,,,,,,,,,,,,,,
Mike Evans,Buccaneers,"1,001.00",523.00,135.00,1.90,75.00,52.00,42.00,64.00,Buccaneers,"1,524.00",592.00,135.00,2.60,71.00,80.00,49.00,78.00,Buccaneers,"1,157.00",450.00,114.00,2.60,86.00,59.00,49.00,77.00,Buccaneers,"1,210.00",605.00,127.00,2.00,65.00,71.00,48.00,69.00,Buccaneers,"1,271.00",618.00,135.00,2.10,72.00,60.00,49.00,68.00,Buccaneers,"1,198.00",619.00,139.00,1.90,56.00,62.00,38.00,55.00
Mike Gesicki,,,,,,,,,,,,,,,,,,,Dolphins,570.00,481.00,89.00,1.20,39.00,33.00,43.00,31.00,Dolphins,703.00,388.00,85.00,1.80,28.00,61.00,41.00,38.00,Dolphins,780.00,485.00,109.00,1.60,34.00,56.00,34.00,35.00,Dolphins,377.00,361.00,59.00,1.00,40.00,41.00,26.00,28.00
Mike Wallace,Ravens,748.00,394.00,87.00,1.90,46.00,43.00,38.00,38.00,,,,,,,,,,,,,,,,,,,,,,,,,,,,,,,,,,,,,,,,,,,,,
Mike Williams,,,,,,,,,,Chargers,774.00,374.00,75.00,2.10,36.00,78.00,55.00,57.00,Chargers,"1,001.00",463.00,90.00,2.20,18.00,80.00,51.00,45.00,Chargers,756.00,423.00,84.00,1.80,30.00,66.00,54.00,47.00,Chargers,"1,146.00",534.00,123.00,2.10,54.00,55.00,62.00,61.00,Chargers,895.00,417.00,87.00,2.10,49.00,87.00,53.00,69.00
Mohamed Sanu,Falcons,828.00,451.00,101.00,1.80,34.00,49.00,47.00,38.00,Falcons,838.00,505.00,87.00,1.70,30.00,45.00,62.00,40.00,Patriots,531.00,448.00,85.00,1.20,31.00,44.00,37.00,29.00,,,,,,,,,,,,,,,,,,,,,,,,,,,
N'Keal Harry,,,,,,,,,,,,,,,,,,,,,,,,,,,,Patriots,309.00,261.00,55.00,1.20,41.00,48.00,59.00,47.00,,,,,,,,,,,,,,,,,,
Nelson Agholor,Eagles,935.00,505.00,103.00,1.90,38.00,78.00,57.00,60.00,Eagles,774.00,557.00,90.00,1.40,27.00,42.00,53.00,33.00,Eagles,363.00,365.00,64.00,1.00,37.00,43.00,38.00,32.00,Raiders,896.00,376.00,79.00,2.40,46.00,51.00,58.00,52.00,Patriots,491.00,388.00,59.00,1.30,39.00,59.00,56.00,50.00,,,,,,,,,
Nick Westbrook-Ikhine,,,,,,,,,,,,,,,,,,,,,,,,,,,,,,,,,,,,,Titans,476.00,296.00,54.00,1.60,40.00,52.00,45.00,42.00,Titans,397.00,382.00,49.00,1.00,33.00,40.00,39.00,30.00
Nico Collins,,,,,,,,,,,,,,,,,,,,,,,,,,,,,,,,,,,,,Texans,446.00,319.00,61.00,1.40,32.00,45.00,50.00,36.00,Texans,481.00,258.00,64.00,1.90,51.00,63.00,45.00,55.00
Noah Brown,,,,,,,,,,,,,,,,,,,,,,,,,,,,,,,,,,,,,,,,,,,,,,Cowboys,594.00,437.00,74.00,1.40,42.00,59.00,50.00,50.00
Noah Fant,,,,,,,,,,,,,,,,,,,Broncos,562.00,308.00,56.00,1.80,32.00,53.00,60.00,45.00,Broncos,673.00,361.00,83.00,1.90,36.00,35.00,56.00,36.00,Broncos,670.00,390.00,86.00,1.70,45.00,60.00,44.00,49.00,Seahawks,497.00,350.00,62.00,1.40,46.00,66.00,31.00,47.00
O.J. Howard,,,,,,,,,,,,,,,,,,,Buccaneers,459.00,313.00,50.00,1.50,31.00,40.00,44.00,30.00,,,,,,,,,,,,,,,,,,,,,,,,,,,
Odell Beckham,,,,,,,,,,Giants,"1,052.00",421.00,118.00,2.50,67.00,43.00,39.00,53.00,Browns,"1,035.00",472.00,119.00,2.20,57.00,44.00,58.00,55.00,,,,,,,,,,Rams,825.00,462.00,100.00,1.80,86.00,52.00,40.00,69.00,,,,,,,,,
Olamide Zaccheaus,,,,,,,,,,,,,,,,,,,,,,,,,,,,,,,,,,,,,Falcons,406.00,334.00,52.00,1.20,31.00,32.00,50.00,29.00,Falcons,533.00,329.00,56.00,1.60,55.00,58.00,42.00,54.00
Parris Campbell,,,,,,,,,,,,,,,,,,,,,,,,,,,,,,,,,,,,,,,,,,,,,,Colts,623.00,560.00,82.00,1.10,36.00,42.00,50.00,37.00
Pat Freiermuth,,,,,,,,,,,,,,,,,,,,,,,,,,,,,,,,,,,,,Steelers,522.00,343.00,75.00,1.50,38.00,69.00,60.00,56.00,Steelers,732.00,416.00,94.00,1.80,40.00,44.00,57.00,44.00
Paul Richardson,Seahawks,703.00,473.00,77.00,1.50,45.00,43.00,46.00,42.00,,,,,,,,,,,,,,,,,,,,,,,,,,,,,,,,,,,,,,,,,,,,,
Phillip Dorsett,,,,,,,,,,,,,,,,,,,Patriots,403.00,330.00,55.00,1.20,48.00,42.00,41.00,40.00,,,,,,,,,,,,,,,,,,,,,,,,,,,
Pierre Garcon,49ers,500.00,255.00,62.00,2.00,44.00,60.00,51.00,52.00,,,,,,,,,,,,,,,,,,,,,,,,,,,,,,,,,,,,,,,,,,,,,
Preston Williams,,,,,,,,,,,,,,,,,,,Dolphins,428.00,235.00,59.00,1.80,69.00,57.00,58.00,69.00,,,,,,,,,,,,,,,,,,,,,,,,,,,
Quez Watkins,,,,,,,,,,,,,,,,,,,,,,,,,,,,,,,,,,,,,Eagles,682.00,366.00,59.00,1.90,43.00,59.00,61.00,55.00,,,,,,,,,
Quincy Enunwa,,,,,,,,,,Jets,449.00,277.00,52.00,1.60,40.00,29.00,71.00,42.00,,,,,,,,,,,,,,,,,,,,,,,,,,,,,,,,,,,,
Randall Cobb,Packers,653.00,402.00,77.00,1.60,30.00,51.00,48.00,37.00,,,,,,,,,,Cowboys,828.00,426.00,75.00,1.90,39.00,38.00,58.00,41.00,,,,,,,,,,,,,,,,,,,,,,,,,,,
Rashard Higgins,Browns,312.00,421.00,50.00,0.70,44.00,47.00,61.00,49.00,,,,,,,,,,,,,,,,,,,Browns,715.00,306.00,65.00,2.30,76.00,71.00,43.00,74.00,,,,,,,,,,,,,,,,,,
Rashod Bateman,,,,,,,,,,,,,,,,,,,,,,,,,,,,,,,,,,,,,Ravens,515.00,382.00,66.00,1.30,44.00,68.00,50.00,55.00,,,,,,,,,
Ray-Ray McCloud,,,,,,,,,,,,,,,,,,,,,,,,,,,,,,,,,,,,,Steelers,297.00,303.00,60.00,1.00,41.00,35.00,47.00,36.00,,,,,,,,,
Ricardo Louis,Browns,357.00,340.00,60.00,1.10,44.00,36.00,27.00,29.00,,,,,,,,,,,,,,,,,,,,,,,,,,,,,,,,,,,,,,,,,,,,,
Richie James,,,,,,,,,,,,,,,,,,,,,,,,,,,,,,,,,,,,,,,,,,,,,,Giants,651.00,369.00,82.00,1.80,65.00,78.00,30.00,65.00
Ricky Seals-Jones,,,,,,,,,,Cardinals,343.00,295.00,64.00,1.20,36.00,27.00,46.00,28.00,,,,,,,,,,,,,,,,,,,,,,,,,,,,,,,,,,,,
Rishard Matthews,Titans,837.00,468.00,92.00,1.80,52.00,67.00,63.00,66.00,,,,,,,,,,,,,,,,,,,,,,,,,,,,,,,,,,,,,,,,,,,,,
Rob Gronkowski,Patriots,"1,302.00",482.00,130.00,2.70,54.00,92.00,48.00,72.00,Patriots,873.00,428.00,90.00,2.00,42.00,48.00,48.00,43.00,,,,,,,,,,Buccaneers,733.00,388.00,83.00,1.90,40.00,54.00,55.00,47.00,Buccaneers,918.00,401.00,103.00,2.30,49.00,48.00,57.00,52.00,,,,,,,,,
Robbie Anderson,Jets,941.00,405.00,106.00,2.30,69.00,34.00,33.00,47.00,Jets,752.00,382.00,91.00,2.00,63.00,56.00,49.00,61.00,Jets,779.00,479.00,93.00,1.60,59.00,57.00,51.00,59.00,Panthers,"1,096.00",471.00,126.00,2.30,64.00,47.00,49.00,56.00,Panthers,519.00,552.00,99.00,0.90,37.00,0.00,40.00,12.00,,,,,,,,,
Robert Tonyan,,,,,,,,,,,,,,,,,,,,,,,,,,,,Packers,668.00,360.00,62.00,1.90,41.00,80.00,40.00,55.00,,,,,,,,,,Packers,470.00,309.00,62.00,1.50,50.00,57.00,22.00,40.00
Robert Woods,Rams,923.00,359.00,91.00,2.60,68.00,78.00,54.00,77.00,Rams,"1,391.00",571.00,138.00,2.40,65.00,42.00,46.00,54.00,Rams,"1,134.00",509.00,115.00,2.20,48.00,51.00,55.00,51.00,Rams,"1,032.00",528.00,118.00,2.00,46.00,54.00,47.00,48.00,Rams,556.00,268.00,64.00,2.10,59.00,46.00,40.00,49.00,Titans,527.00,425.00,90.00,1.20,71.00,34.00,41.00,51.00
Roger Lewis,Giants,416.00,402.00,69.00,1.00,23.00,38.00,42.00,24.00,,,,,,,,,,,,,,,,,,,,,,,,,,,,,,,,,,,,,,,,,,,,,
Romeo Doubs,,,,,,,,,,,,,,,,,,,,,,,,,,,,,,,,,,,,,,,,,,,,,,Packers,425.00,262.00,58.00,1.60,57.00,22.00,38.00,35.00
Russell Gage,,,,,,,,,,,,,,,,,,,Falcons,446.00,334.00,66.00,1.30,45.00,29.00,39.00,31.00,Falcons,786.00,460.00,98.00,1.70,54.00,25.00,49.00,39.00,Falcons,770.00,355.00,86.00,2.20,82.00,55.00,48.00,72.00,Buccaneers,436.00,366.00,75.00,1.20,60.00,46.00,32.00,47.00
Ryan Grant,Commanders,573.00,351.00,61.00,1.60,49.00,69.00,52.00,60.00,,,,,,,,,,,,,,,,,,,,,,,,,,,,,,,,,,,,,,,,,,,,,
Sammy Watkins,Rams,616.00,437.00,71.00,1.40,43.00,53.00,53.00,48.00,Chiefs,695.00,296.00,63.00,2.30,57.00,37.00,53.00,49.00,Chiefs,961.00,511.00,103.00,1.90,33.00,32.00,62.00,36.00,Chiefs,434.00,307.00,55.00,1.40,33.00,40.00,39.00,30.00,,,,,,,,,,,,,,,,,,
Scott Miller,,,,,,,,,,,,,,,,,,,,,,,,,,,,Buccaneers,581.00,293.00,54.00,2.00,64.00,50.00,30.00,50.00,,,,,,,,,,,,,,,,,,
Seth DeValve,Browns,395.00,295.00,58.00,1.30,53.00,52.00,50.00,53.00,,,,,,,,,,,,,,,,,,,,,,,,,,,,,,,,,,,,,,,,,,,,,
Seth Roberts,Raiders,455.00,413.00,62.00,1.10,46.00,40.00,33.00,35.00,Raiders,494.00,316.00,54.00,1.60,70.00,44.00,49.00,59.00,,,,,,,,,,,,,,,,,,,,,,,,,,,,,,,,,,,,
Stefon Diggs,Vikings,"1,056.00",466.00,110.00,2.30,66.00,79.00,57.00,78.00,Vikings,"1,021.00",494.00,125.00,2.10,63.00,70.00,59.00,72.00,Vikings,"1,206.00",408.00,100.00,3.00,80.00,69.00,57.00,82.00,Bills,"1,846.00",634.00,182.00,2.90,84.00,84.00,55.00,91.00,Bills,"1,292.00",602.00,159.00,2.10,93.00,52.00,46.00,77.00,Bills,"1,578.00",619.00,161.00,2.50,83.00,81.00,43.00,83.00
Stephen Anderson,Texans,342.00,254.00,51.00,1.30,32.00,28.00,52.00,29.00,,,,,,,,,,,,,,,,,,,,,,,,,,,,,,,,,,,,,,,,,,,,,
Sterling Shepard,Giants,731.00,401.00,82.00,1.80,40.00,78.00,52.00,59.00,Giants,872.00,540.00,101.00,1.60,47.00,37.00,46.00,40.00,Giants,576.00,348.00,81.00,1.70,69.00,41.00,42.00,54.00,Giants,656.00,345.00,85.00,1.90,77.00,72.00,40.00,74.00,,,,,,,,,,,,,,,,,,
T.J. Hockenson,,,,,,,,,,,,,,,,,,,Lions,367.00,252.00,54.00,1.50,25.00,32.00,51.00,25.00,Lions,723.00,397.00,89.00,1.80,44.00,35.00,33.00,32.00,Lions,583.00,337.00,77.00,1.70,63.00,73.00,40.00,65.00,Vikings,"1,043.00",563.00,136.00,1.90,50.00,55.00,46.00,50.00
T.Y. Hilton,Colts,966.00,494.00,105.00,2.00,59.00,48.00,54.00,57.00,Colts,"1,415.00",505.00,127.00,2.80,37.00,55.00,63.00,51.00,Colts,501.00,239.00,60.00,2.10,48.00,57.00,59.00,56.00,Colts,794.00,408.00,91.00,1.90,56.00,45.00,54.00,53.00,,,,,,,,,,,,,,,,,,
Taylor Gabriel,,,,,,,,,,Bears,725.00,445.00,86.00,1.60,51.00,53.00,37.00,47.00,,,,,,,,,,,,,,,,,,,,,,,,,,,,,,,,,,,,
Ted Ginn,Saints,974.00,401.00,76.00,2.40,63.00,78.00,59.00,76.00,,,,,,,,,,Saints,439.00,408.00,57.00,1.10,60.00,25.00,44.00,41.00,,,,,,,,,,,,,,,,,,,,,,,,,,,
Tee Higgins,,,,,,,,,,,,,,,,,,,,,,,,,,,,Bengals,908.00,434.00,103.00,2.10,53.00,49.00,61.00,56.00,Bengals,"1,400.00",583.00,137.00,2.40,62.00,60.00,61.00,67.00,Bengals,"1,177.00",616.00,133.00,1.90,67.00,83.00,50.00,77.00
Terrance Williams,Cowboys,568.00,381.00,70.00,1.50,62.00,46.00,37.00,50.00,,,,,,,,,,,,,,,,,,,,,,,,,,,,,,,,,,,,,,,,,,,,,
Terry McLaurin,,,,,,,,,,,,,,,,,,,Commanders,919.00,387.00,88.00,2.40,73.00,72.00,58.00,79.00,Commanders,"1,193.00",553.00,124.00,2.20,50.00,45.00,58.00,51.00,Commanders,"1,053.00",515.00,123.00,2.00,42.00,74.00,53.00,58.00,Commanders,"1,191.00",541.00,113.00,2.20,51.00,77.00,64.00,70.00
Tim Patrick,,,,,,,,,,,,,,,,,,,,,,,,,,,,Broncos,742.00,386.00,78.00,1.90,42.00,83.00,50.00,61.00,Broncos,734.00,448.00,85.00,1.60,64.00,54.00,56.00,64.00,,,,,,,,,
Torrey Smith,Eagles,587.00,451.00,82.00,1.30,49.00,46.00,46.00,45.00,,,,,,,,,,,,,,,,,,,,,,,,,,,,,,,,,,,,,,,,,,,,,
Travis Benjamin,Chargers,567.00,348.00,61.00,1.60,47.00,39.00,55.00,45.00,,,,,,,,,,,,,,,,,,,,,,,,,,,,,,,,,,,,,,,,,,,,,
Travis Fulgham,,,,,,,,,,,,,,,,,,,,,,,,,,,,Eagles,539.00,312.00,65.00,1.70,57.00,55.00,51.00,57.00,,,,,,,,,,,,,,,,,,
Travis Kelce,Chiefs,"1,104.00",441.00,106.00,2.50,76.00,50.00,41.00,62.00,Chiefs,"1,467.00",528.00,149.00,2.80,67.00,54.00,52.00,64.00,Chiefs,"1,436.00",572.00,147.00,2.50,65.00,68.00,50.00,68.00,Chiefs,"1,776.00",580.00,173.00,3.10,55.00,65.00,51.00,61.00,Chiefs,"1,424.00",601.00,147.00,2.40,78.00,37.00,59.00,65.00,Chiefs,"1,595.00",616.00,163.00,2.60,78.00,65.00,50.00,75.00
Tre'Quan Smith,,,,,,,,,,,,,,,,,,,,,,,,,,,,Saints,533.00,362.00,52.00,1.50,51.00,48.00,68.00,58.00,,,,,,,,,,,,,,,,,,
Trent Sherfield,,,,,,,,,,,,,,,,,,,,,,,,,,,,,,,,,,,,,,,,,,,,,,Dolphins,417.00,409.00,53.00,1.00,50.00,40.00,46.00,43.00
Trent Taylor,49ers,430.00,326.00,57.00,1.30,31.00,53.00,43.00,36.00,,,,,,,,,,,,,,,,,,,,,,,,,,,,,,,,,,,,,,,,,,,,,
Trey Burton,,,,,,,,,,Bears,569.00,412.00,65.00,1.40,46.00,49.00,42.00,43.00,,,,,,,,,,,,,,,,,,,,,,,,,,,,,,,,,,,,
Treylon Burks,,,,,,,,,,,,,,,,,,,,,,,,,,,,,,,,,,,,,,,,,,,,,,Titans,444.00,230.00,49.00,1.90,65.00,40.00,51.00,55.00
Tyler Boyd,,,,,,,,,,Bengals,"1,028.00",441.00,100.00,2.30,33.00,70.00,54.00,51.00,Bengals,"1,046.00",556.00,142.00,1.90,38.00,34.00,63.00,40.00,Bengals,841.00,451.00,100.00,1.90,45.00,55.00,50.00,50.00,Bengals,938.00,613.00,103.00,1.50,58.00,56.00,52.00,59.00,Bengals,851.00,606.00,90.00,1.40,62.00,79.00,47.00,70.00
Tyler Conklin,,,,,,,,,,,,,,,,,,,,,,,,,,,,,,,,,,,,,Vikings,593.00,402.00,78.00,1.50,32.00,49.00,44.00,35.00,Jets,552.00,427.00,83.00,1.30,40.00,45.00,48.00,40.00
Tyler Eifert,,,,,,,,,,,,,,,,,,,Bengals,436.00,297.00,63.00,1.50,20.00,78.00,46.00,43.00,Jaguars,349.00,319.00,58.00,1.10,31.00,43.00,51.00,35.00,,,,,,,,,,,,,,,,,,
Tyler Higbee,,,,,,,,,,,,,,,,,,,Rams,734.00,231.00,77.00,3.20,61.00,58.00,51.00,61.00,Rams,530.00,295.00,61.00,1.80,33.00,57.00,60.00,47.00,Rams,675.00,485.00,83.00,1.40,41.00,45.00,40.00,37.00,Rams,620.00,370.00,89.00,1.70,38.00,11.00,46.00,21.00
Tyler Johnson,,,,,,,,,,,,,,,,,,,,,,,,,,,,,,,,,,,,,Buccaneers,405.00,393.00,58.00,1.00,35.00,43.00,54.00,39.00,,,,,,,,,
Tyler Kroft,Bengals,404.00,309.00,58.00,1.30,48.00,53.00,44.00,48.00,,,,,,,,,,,,,,,,,,,,,,,,,,,,,,,,,,,,,,,,,,,,,
Tyler Lockett,Seahawks,555.00,422.00,65.00,1.30,60.00,60.00,42.00,58.00,Seahawks,"1,085.00",419.00,68.00,2.60,61.00,94.00,47.00,78.00,Seahawks,"1,255.00",575.00,124.00,2.20,59.00,86.00,41.00,70.00,Seahawks,"1,097.00",590.00,131.00,1.90,65.00,54.00,33.00,54.00,Seahawks,"1,175.00",439.00,102.00,2.70,67.00,84.00,48.00,77.00,Seahawks,"1,072.00",542.00,122.00,2.00,95.00,79.00,29.00,84.00
Tyreek Hill,Chiefs,"1,270.00",450.00,96.00,2.80,66.00,58.00,54.00,66.00,Chiefs,"1,593.00",529.00,132.00,3.00,60.00,57.00,62.00,65.00,Chiefs,"1,073.00",416.00,103.00,2.60,53.00,46.00,59.00,54.00,Chiefs,"1,631.00",620.00,151.00,2.60,79.00,50.00,66.00,76.00,Chiefs,"1,524.00",587.00,172.00,2.60,75.00,41.00,52.00,63.00,Dolphins,"1,779.00",547.00,171.00,3.30,85.00,63.00,42.00,75.00
Tyrell Williams,Chargers,728.00,474.00,67.00,1.50,45.00,40.00,51.00,42.00,Chargers,756.00,449.00,69.00,1.70,31.00,60.00,41.00,39.00,Raiders,651.00,356.00,61.00,1.80,54.00,43.00,50.00,49.00,,,,,,,,,,,,,,,,,,,,,,,,,,,
Van Jefferson,,,,,,,,,,,,,,,,,,,,,,,,,,,,,,,,,,,,,Rams,904.00,603.00,99.00,1.50,43.00,43.00,49.00,42.00,,,,,,,,,
Vance McDonald,,,,,,,,,,Steelers,610.00,311.00,57.00,2.00,17.00,50.00,66.00,37.00,,,,,,,,,,,,,,,,,,,,,,,,,,,,,,,,,,,,
Vernon Davis,Commanders,648.00,351.00,65.00,1.80,50.00,46.00,57.00,51.00,,,,,,,,,,,,,,,,,,,,,,,,,,,,,,,,,,,,,,,,,,,,,
Will Fuller,,,,,,,,,,,,,,,,,,,Texans,759.00,348.00,74.00,2.20,58.00,48.00,47.00,53.00,Texans,879.00,343.00,70.00,2.60,64.00,51.00,56.00,62.00,,,,,,,,,,,,,,,,,,
Willie Snead,,,,,,,,,,Ravens,701.00,430.00,97.00,1.60,55.00,41.00,48.00,47.00,Ravens,395.00,333.00,53.00,1.20,46.00,39.00,56.00,45.00,Ravens,466.00,310.00,54.00,1.50,75.00,48.00,61.00,70.00,,,,,,,,,,,,,,,,,,
Zach Ertz,Eagles,"1,016.00",444.00,127.00,2.30,80.00,76.00,34.00,75.00,Eagles,"1,265.00",543.00,160.00,2.30,73.00,67.00,38.00,68.00,Eagles,960.00,503.00,136.00,1.90,73.00,32.00,44.00,53.00,Eagles,335.00,300.00,67.00,1.10,60.00,17.00,31.00,31.00,Cardinals,784.00,441.00,101.00,1.80,70.00,43.00,45.00,57.00,Cardinals,406.00,331.00,66.00,1.20,46.00,54.00,37.00,43.00
Zach Pascal,,,,,,,,,,,,,,,,,,,Colts,607.00,361.00,67.00,1.70,48.00,33.00,53.00,42.00,Colts,666.00,429.00,67.00,1.60,35.00,36.00,53.00,35.00,Colts,384.00,414.00,63.00,0.90,43.00,18.00,40.00,25.00,,,,,,,,,
Zay Jones,Bills,336.00,446.00,77.00,0.80,37.00,8.00,38.00,16.00,Bills,652.00,480.00,99.00,1.40,57.00,40.00,53.00,50.00,,,,,,,,,,,,,,,,,,,Raiders,607.00,383.00,75.00,1.60,63.00,54.00,40.00,56.00,Jaguars,980.00,588.00,128.00,1.70,62.00,48.00,32.00,48.00